{
  "lang":"en",
  "name":"sample1_nerv3_nba_player_website",
  "version":"0.0.0",
  "spacy_version":">=3.4.1,<3.5.0",
  "description":"",
  "author":"",
  "email":"",
  "url":"",
  "license":"",
  "spacy_git_version":"5c2a00cef",
  "vectors":{
    "width":0,
    "vectors":0,
    "keys":0,
    "name":null,
    "mode":"default"
  },
  "labels":{
    "ner":[
      "height",
      "name",
      "team",
      "weight"
    ]
  },
  "pipeline":[
    "ner"
  ],
  "components":[
    "ner"
  ],
  "disabled":[

  ]
}